ID,GAMMA,D_DIMENSION,P_NORM,NOISE,MEAN,SIGMA,K_SPECIES_MAX,ABUNDANCE_SPAWN,ABUNDANCE_DEATH,DEATH_RATE,ALPHA,BETA,DT_TIMESCALE,MEAN_INTERARRIVAL_TIME,SEED,WITH_RUNOUT,RUNOUT_SCALING,MONOD,MONOD_HALF_VELOCITY,MONOD_ALPHAMAX,MONOD_BETAMAX,save_every
2204_222101,[0.06128651 0.91831559 0.05616819 0.17285982 0.34627309],5,2,normal,0,0.1,500,0.01,0.001,0.1,0.05,0.01,0.1,5,,True,1000,False,,,,10
2204_222247,[0.25762715 0.93887902 0.06922097 0.21264682 0.04608935],5,2,normal,0,0.1,1000,0.01,0.001,0.1,0.05,0.01,0.1,10,,True,1000,False,,,,10
2204_224914,[0.07579999 0.06252225 0.27843204 0.04752566 0.40015594],5,0.9,normal,0,0.1,1000,0.01,0.001,0.1,0.05,0.01,0.1,10,,True,1000,False,,,,10
2204_225133,[0.32177964 0.06562256 0.03999177 0.20216347 0.22484062],5,0.9,normal,0,0.1,1000,0.01,0.001,0.001,0.05,0.01,0.1,10,,True,1000,False,,,,10
2204_225336,[0.0720334  0.25449354 0.21424556 0.16528312 0.13657603],5,0.9,normal,0,0.1,1000,0.01,0.001,0.01,0.05,0.01,0.1,10,,True,1000,False,,,,10
2204_225522,[0.0106221  0.03812885 0.04607444 0.07164297 0.04811826],5,0.5,normal,0,0.1,1000,0.01,0.001,0.01,0.05,0.01,0.1,10,,True,1000,False,,,,10
2204_233016,[0.01750872 0.00677592 0.06971407 0.05013809 0.08845504],5,0.5,normal,0,0.01,1000,0.01,0.001,0.01,0.05,0.01,0.1,10,,True,1000,False,,,,10
2204_233438,[0.00993847 0.00489311 0.08209655 0.27218091 0.00048942],5,0.5,normal,0,0.01,1000,0.01,0.001,0.01,0.05,0.01,0.1,10,,True,1000,False,,,,10
